{"cameraMode":{"drawMode":0,"name":"Shaded","section":"Shading Mode"},"sceneLighting":true,"audioPlay":false,"sceneViewState":{"m_AlwaysRefresh":false,"showFog":true,"showSkybox":true,"showFlares":true,"showImageEffects":true,"showParticleSystems":true,"showVisualEffectGraphs":true,"m_FxEnabled":true},"in2DMode":false,"pivot":{"x":1.5848195552825928,"y":-12.378267288208008,"z":49.63194274902344},"rotation":{"x":-0.050378184765577319,"y":0.010190091095864773,"z":0.0004944001557305455,"w":0.9987016916275024},"size":19.347593307495118,"orthographic":false}