{"cameraMode":{"drawMode":0,"name":"Shaded","section":"Shading Mode"},"sceneLighting":true,"audioPlay":false,"sceneViewState":{"m_AlwaysRefresh":false,"showFog":true,"showSkybox":true,"showFlares":true,"showImageEffects":true,"showParticleSystems":true,"showVisualEffectGraphs":true,"m_FxEnabled":true},"in2DMode":false,"pivot":{"x":0.565914511680603,"y":-3.6365365982055666,"z":14.537118911743164},"rotation":{"x":0.08030828088521958,"y":0.011064612306654454,"z":-0.0008908140007406473,"w":0.9967111349105835},"size":12.734771728515625,"orthographic":false}